Model,threshold,fpr,tpr
Ovary-centric,inf,0.0,0.0
Ovary-centric,0.9995738106378781,0.0,0.018867924528301886
Ovary-centric,0.9967338218806143,0.0,0.03773584905660377
Ovary-centric,0.996272873970058,0.0,0.05660377358490566
Ovary-centric,0.9929842910213436,0.0,0.07547169811320754
Ovary-centric,0.9907472258607598,0.0,0.09433962264150944
Ovary-centric,0.9882853294752517,0.0,0.11320754716981132
Ovary-centric,0.9780554358127086,0.0,0.1320754716981132
Ovary-centric,0.9767238082126706,0.0,0.1509433962264151
Ovary-centric,0.9751526767031465,0.0,0.16981132075471697
Ovary-centric,0.9658643270527439,0.0,0.18867924528301888
Ovary-centric,0.9592237343981149,0.0,0.20754716981132076
Ovary-centric,0.9509854136869641,0.0,0.22641509433962265
Ovary-centric,0.9507873841599029,0.0,0.24528301886792453
Ovary-centric,0.9476988188714761,0.0,0.2641509433962264
Ovary-centric,0.927344856753039,0.0,0.2830188679245283
Ovary-centric,0.9235646389575042,0.0,0.3018867924528302
Ovary-centric,0.9209079804394638,0.0,0.32075471698113206
Ovary-centric,0.9201183608040624,0.0,0.33962264150943394
Ovary-centric,0.9177979953678362,0.0,0.3584905660377358
Ovary-centric,0.9159356170536901,0.009174311926605505,0.3584905660377358
Ovary-centric,0.9156418374811964,0.009174311926605505,0.37735849056603776
Ovary-centric,0.9101390978844552,0.009174311926605505,0.39622641509433965
Ovary-centric,0.8997712021452164,0.009174311926605505,0.41509433962264153
Ovary-centric,0.8948245755191345,0.009174311926605505,0.4339622641509434
Ovary-centric,0.8879882638881291,0.009174311926605505,0.4528301886792453
Ovary-centric,0.8805193465407275,0.009174311926605505,0.4716981132075472
Ovary-centric,0.8704014120917283,0.009174311926605505,0.49056603773584906
Ovary-centric,0.8680020438307754,0.01834862385321101,0.49056603773584906
Ovary-centric,0.8519196251339833,0.01834862385321101,0.5094339622641509
Ovary-centric,0.8445799945380564,0.01834862385321101,0.5283018867924528
Ovary-centric,0.8375678123124457,0.027522935779816515,0.5283018867924528
Ovary-centric,0.8316595032755176,0.03669724770642202,0.5283018867924528
Ovary-centric,0.809980693411117,0.03669724770642202,0.5471698113207547
Ovary-centric,0.809579978522684,0.03669724770642202,0.5660377358490566
Ovary-centric,0.798631743010513,0.03669724770642202,0.5849056603773585
Ovary-centric,0.7724874274508281,0.045871559633027525,0.5849056603773585
Ovary-centric,0.7465286369247722,0.045871559633027525,0.6037735849056604
Ovary-centric,0.7360842818007874,0.045871559633027525,0.6226415094339622
Ovary-centric,0.7310147639742479,0.05504587155963303,0.6226415094339622
Ovary-centric,0.716215513160316,0.06422018348623854,0.6226415094339622
Ovary-centric,0.7029776218570393,0.06422018348623854,0.6415094339622641
Ovary-centric,0.702372268348708,0.06422018348623854,0.660377358490566
Ovary-centric,0.6525033811696583,0.06422018348623854,0.6792452830188679
Ovary-centric,0.6179562279829595,0.06422018348623854,0.6981132075471698
Ovary-centric,0.5962599982467492,0.07339449541284404,0.6981132075471698
Ovary-centric,0.5848175737402312,0.07339449541284404,0.7169811320754716
Ovary-centric,0.564843681233928,0.08256880733944955,0.7169811320754716
Ovary-centric,0.5621396899113005,0.08256880733944955,0.7358490566037735
Ovary-centric,0.5590225297892057,0.09174311926605505,0.7358490566037735
Ovary-centric,0.5483684604507552,0.09174311926605505,0.7547169811320755
Ovary-centric,0.5306397845533549,0.10091743119266056,0.7547169811320755
Ovary-centric,0.5134888586986577,0.10091743119266056,0.7735849056603774
Ovary-centric,0.5059545504643774,0.10091743119266056,0.7924528301886793
Ovary-centric,0.47112451726146704,0.11009174311926606,0.7924528301886793
Ovary-centric,0.46604834593087885,0.11009174311926606,0.8113207547169812
Ovary-centric,0.45357180834914723,0.11926605504587157,0.8113207547169812
Ovary-centric,0.45112582286395,0.12844036697247707,0.8113207547169812
Ovary-centric,0.4436102245322812,0.12844036697247707,0.8301886792452831
Ovary-centric,0.4264177319307491,0.13761467889908258,0.8301886792452831
Ovary-centric,0.3765604384779652,0.14678899082568808,0.8301886792452831
Ovary-centric,0.36390586383053897,0.14678899082568808,0.8490566037735849
Ovary-centric,0.35405941068270314,0.1559633027522936,0.8490566037735849
Ovary-centric,0.33786594607568216,0.1559633027522936,0.8679245283018868
Ovary-centric,0.3268605259990249,0.1651376146788991,0.8679245283018868
Ovary-centric,0.3254543255207435,0.1743119266055046,0.8679245283018868
Ovary-centric,0.31555696991955806,0.1834862385321101,0.8679245283018868
Ovary-centric,0.3067498383624673,0.1926605504587156,0.8679245283018868
Ovary-centric,0.3041868274357552,0.2018348623853211,0.8679245283018868
Ovary-centric,0.28054453217056713,0.22018348623853212,0.8679245283018868
Ovary-centric,0.27806551759414977,0.22935779816513763,0.8679245283018868
Ovary-centric,0.24044473403396738,0.22935779816513763,0.8867924528301887
Ovary-centric,0.23077792712360623,0.23853211009174313,0.8867924528301887
Ovary-centric,0.2250826617150098,0.24770642201834864,0.8867924528301887
Ovary-centric,0.22453743541836316,0.25688073394495414,0.8867924528301887
Ovary-centric,0.22235217057352766,0.25688073394495414,0.9056603773584906
Ovary-centric,0.22041454910338007,0.26605504587155965,0.9056603773584906
Ovary-centric,0.2055829271870878,0.27522935779816515,0.9056603773584906
Ovary-centric,0.1979045663587293,0.28440366972477066,0.9056603773584906
Ovary-centric,0.1956333631226498,0.30275229357798167,0.9056603773584906
Ovary-centric,0.18993715246186657,0.30275229357798167,0.9245283018867925
Ovary-centric,0.18442595244551604,0.3119266055045872,0.9245283018867925
Ovary-centric,0.1843693252418954,0.3211009174311927,0.9245283018867925
Ovary-centric,0.1756233543524996,0.3302752293577982,0.9245283018867925
Ovary-centric,0.1738894497224193,0.3394495412844037,0.9245283018867925
Ovary-centric,0.16862155793178865,0.3486238532110092,0.9245283018867925
Ovary-centric,0.1636306610453073,0.3577981651376147,0.9245283018867925
Ovary-centric,0.15728281971010713,0.3669724770642202,0.9245283018867925
Ovary-centric,0.15640804584972948,0.3761467889908257,0.9245283018867925
Ovary-centric,0.15369981106803196,0.3853211009174312,0.9245283018867925
Ovary-centric,0.1518120348075404,0.3944954128440367,0.9245283018867925
Ovary-centric,0.14816366425171565,0.4036697247706422,0.9245283018867925
Ovary-centric,0.14353157679075496,0.41284403669724773,0.9245283018867925
Ovary-centric,0.14191577668573693,0.42201834862385323,0.9245283018867925
Ovary-centric,0.1260921003737918,0.43119266055045874,0.9245283018867925
Ovary-centric,0.11524614245683439,0.44036697247706424,0.9245283018867925
Ovary-centric,0.10969229002141889,0.44954128440366975,0.9245283018867925
Ovary-centric,0.10239172042025405,0.44954128440366975,0.9433962264150944
Ovary-centric,0.10062374500300579,0.45871559633027525,0.9433962264150944
Ovary-centric,0.09204421007697881,0.45871559633027525,0.9622641509433962
Ovary-centric,0.08534593799723418,0.46788990825688076,0.9622641509433962
Ovary-centric,0.08520362652583285,0.47706422018348627,0.9622641509433962
Ovary-centric,0.08330901084914163,0.48623853211009177,0.9622641509433962
Ovary-centric,0.07231922463000037,0.4954128440366973,0.9622641509433962
Ovary-centric,0.06757914987889806,0.4954128440366973,0.9811320754716981
Ovary-centric,0.0673279026535603,0.5045871559633027,0.9811320754716981
Ovary-centric,0.06552835155692163,0.5137614678899083,0.9811320754716981
Ovary-centric,0.06521538574905947,0.5229357798165137,0.9811320754716981
Ovary-centric,0.06465504090029997,0.5321100917431193,0.9811320754716981
Ovary-centric,0.06354398894533259,0.5412844036697247,0.9811320754716981
Ovary-centric,0.06172678762005824,0.5504587155963303,0.9811320754716981
Ovary-centric,0.061648655015501166,0.5596330275229358,0.9811320754716981
Ovary-centric,0.05697937401926863,0.5688073394495413,0.9811320754716981
Ovary-centric,0.056058431492510774,0.5688073394495413,1.0
Ovary-centric,0.043116749687587635,0.5779816513761468,1.0
Ovary-centric,0.038667446889528216,0.5871559633027523,1.0
Ovary-centric,0.03585280202389133,0.5963302752293578,1.0
Ovary-centric,0.034618216833979816,0.6055045871559633,1.0
Ovary-centric,0.03390031346199373,0.6146788990825688,1.0
Ovary-centric,0.03170899247388901,0.6238532110091743,1.0
Ovary-centric,0.03131652899357594,0.6330275229357798,1.0
Ovary-centric,0.030701012056703215,0.6422018348623854,1.0
Ovary-centric,0.028902561326436225,0.6513761467889908,1.0
Ovary-centric,0.027113450607490937,0.6605504587155964,1.0
Ovary-centric,0.026701201445866553,0.6697247706422018,1.0
Ovary-centric,0.02523001643857218,0.6788990825688074,1.0
Ovary-centric,0.024786548370435056,0.6880733944954128,1.0
Ovary-centric,0.023835304230248915,0.6972477064220184,1.0
Ovary-centric,0.023314547712798003,0.7064220183486238,1.0
Ovary-centric,0.023267568740729005,0.7155963302752294,1.0
Ovary-centric,0.022864468836984137,0.7247706422018348,1.0
Ovary-centric,0.02255745320890123,0.7339449541284404,1.0
Ovary-centric,0.021540250011928278,0.7431192660550459,1.0
Ovary-centric,0.020824447049592718,0.7522935779816514,1.0
Ovary-centric,0.019961643112663033,0.7614678899082569,1.0
Ovary-centric,0.017896019192967,0.7706422018348624,1.0
Ovary-centric,0.015505033301691704,0.7798165137614679,1.0
Ovary-centric,0.015340810909159942,0.7889908256880734,1.0
Ovary-centric,0.013348376269333578,0.7981651376146789,1.0
Ovary-centric,0.01156389791998227,0.8073394495412844,1.0
Ovary-centric,0.01123440542241204,0.8165137614678899,1.0
Ovary-centric,0.010716079661508185,0.8256880733944955,1.0
Ovary-centric,0.010530408336963079,0.8348623853211009,1.0
Ovary-centric,0.009880789936165967,0.8440366972477065,1.0
Ovary-centric,0.009617082986143423,0.8532110091743119,1.0
Ovary-centric,0.009441608433168915,0.8715596330275229,1.0
Ovary-centric,0.009169426573602141,0.8807339449541285,1.0
Ovary-centric,0.008966354215764383,0.8899082568807339,1.0
Ovary-centric,0.008567708724943456,0.8990825688073395,1.0
Ovary-centric,0.008172878690927669,0.908256880733945,1.0
Ovary-centric,0.007916954241096796,0.9174311926605505,1.0
Ovary-centric,0.007688613415414999,0.926605504587156,1.0
Ovary-centric,0.007503439276191067,0.9357798165137615,1.0
Ovary-centric,0.0068771263337928075,0.944954128440367,1.0
Ovary-centric,0.006370485169588707,0.9541284403669725,1.0
Ovary-centric,0.006340195268915742,0.963302752293578,1.0
Ovary-centric,0.00487308050315946,0.9724770642201835,1.0
Ovary-centric,0.004719913352888961,0.981651376146789,1.0
Ovary-centric,0.0043107658233205995,0.9908256880733946,1.0
Ovary-centric,0.0036673651608067396,1.0,1.0
Ovary-centric,-inf,1.0,1.0
Metabolic + symptom,inf,0.0,0.0
Metabolic + symptom,0.98581983483245,0.009174311926605505,0.0
Metabolic + symptom,0.9591577045534113,0.009174311926605505,0.018867924528301886
Metabolic + symptom,0.9487942777840057,0.01834862385321101,0.018867924528301886
Metabolic + symptom,0.9395271730093557,0.01834862385321101,0.03773584905660377
Metabolic + symptom,0.9381366543941375,0.01834862385321101,0.05660377358490566
Metabolic + symptom,0.9360187325757453,0.01834862385321101,0.07547169811320754
Metabolic + symptom,0.9171027359909417,0.01834862385321101,0.09433962264150944
Metabolic + symptom,0.9144723486447831,0.01834862385321101,0.11320754716981132
Metabolic + symptom,0.9051572236745725,0.01834862385321101,0.1320754716981132
Metabolic + symptom,0.8729849720367997,0.01834862385321101,0.1509433962264151
Metabolic + symptom,0.872807851696354,0.01834862385321101,0.16981132075471697
Metabolic + symptom,0.844486532902557,0.01834862385321101,0.18867924528301888
Metabolic + symptom,0.8428185277703124,0.01834862385321101,0.20754716981132076
Metabolic + symptom,0.8226550085185483,0.027522935779816515,0.20754716981132076
Metabolic + symptom,0.8098661804931199,0.027522935779816515,0.22641509433962265
Metabolic + symptom,0.8072047601187363,0.027522935779816515,0.24528301886792453
Metabolic + symptom,0.8034102758538395,0.027522935779816515,0.2641509433962264
Metabolic + symptom,0.8026646634073189,0.027522935779816515,0.2830188679245283
Metabolic + symptom,0.8003619290433782,0.027522935779816515,0.3018867924528302
Metabolic + symptom,0.7978078833957578,0.027522935779816515,0.32075471698113206
Metabolic + symptom,0.7878251225223963,0.027522935779816515,0.33962264150943394
Metabolic + symptom,0.7816886806039833,0.027522935779816515,0.3584905660377358
Metabolic + symptom,0.7765958649555273,0.027522935779816515,0.37735849056603776
Metabolic + symptom,0.7593053326694189,0.027522935779816515,0.39622641509433965
Metabolic + symptom,0.7574511209571749,0.027522935779816515,0.41509433962264153
Metabolic + symptom,0.7384530377538556,0.027522935779816515,0.4339622641509434
Metabolic + symptom,0.7374610783177795,0.03669724770642202,0.4339622641509434
Metabolic + symptom,0.7373942987989223,0.03669724770642202,0.4528301886792453
Metabolic + symptom,0.7310232190390271,0.03669724770642202,0.4716981132075472
Metabolic + symptom,0.7252546380331012,0.03669724770642202,0.49056603773584906
Metabolic + symptom,0.7128978660505668,0.03669724770642202,0.5094339622641509
Metabolic + symptom,0.7096520709126245,0.03669724770642202,0.5283018867924528
Metabolic + symptom,0.6992037140669894,0.03669724770642202,0.5471698113207547
Metabolic + symptom,0.6848358429531138,0.03669724770642202,0.5660377358490566
Metabolic + symptom,0.6774368986801181,0.03669724770642202,0.5849056603773585
Metabolic + symptom,0.6762240661655342,0.045871559633027525,0.5849056603773585
Metabolic + symptom,0.6706381211953638,0.05504587155963303,0.5849056603773585
Metabolic + symptom,0.6680655472871043,0.05504587155963303,0.6037735849056604
Metabolic + symptom,0.6530910978488103,0.06422018348623854,0.6037735849056604
Metabolic + symptom,0.640366442419853,0.06422018348623854,0.6226415094339622
Metabolic + symptom,0.6389452406671788,0.06422018348623854,0.6415094339622641
Metabolic + symptom,0.6253027703906068,0.06422018348623854,0.660377358490566
Metabolic + symptom,0.6144892825358805,0.06422018348623854,0.6792452830188679
Metabolic + symptom,0.6096625121988856,0.06422018348623854,0.6981132075471698
Metabolic + symptom,0.6022507129452894,0.07339449541284404,0.6981132075471698
Metabolic + symptom,0.5900540475960522,0.07339449541284404,0.7169811320754716
Metabolic + symptom,0.566737238652305,0.08256880733944955,0.7169811320754716
Metabolic + symptom,0.5532015873667366,0.09174311926605505,0.7169811320754716
Metabolic + symptom,0.5475665856081106,0.10091743119266056,0.7169811320754716
Metabolic + symptom,0.543488749637688,0.11009174311926606,0.7169811320754716
Metabolic + symptom,0.5310359452880705,0.11009174311926606,0.7358490566037735
Metabolic + symptom,0.5132558559039904,0.11926605504587157,0.7358490566037735
Metabolic + symptom,0.482419368018652,0.11926605504587157,0.7547169811320755
Metabolic + symptom,0.48218146345640234,0.12844036697247707,0.7547169811320755
Metabolic + symptom,0.477276211600838,0.13761467889908258,0.7547169811320755
Metabolic + symptom,0.4647508321657506,0.14678899082568808,0.7547169811320755
Metabolic + symptom,0.4605296004223332,0.1559633027522936,0.7547169811320755
Metabolic + symptom,0.4324769574381347,0.1651376146788991,0.7547169811320755
Metabolic + symptom,0.4283395337216699,0.1743119266055046,0.7547169811320755
Metabolic + symptom,0.4170535452810519,0.1834862385321101,0.7547169811320755
Metabolic + symptom,0.4121193205888249,0.1926605504587156,0.7547169811320755
Metabolic + symptom,0.40452815139694914,0.2018348623853211,0.7547169811320755
Metabolic + symptom,0.3480667392602322,0.21100917431192662,0.7547169811320755
Metabolic + symptom,0.33660242259262196,0.22018348623853212,0.7547169811320755
Metabolic + symptom,0.315356424264485,0.22935779816513763,0.7547169811320755
Metabolic + symptom,0.3085567754990596,0.22935779816513763,0.7735849056603774
Metabolic + symptom,0.30173875238509645,0.23853211009174313,0.7735849056603774
Metabolic + symptom,0.2836094379934782,0.23853211009174313,0.7924528301886793
Metabolic + symptom,0.2759586567035219,0.24770642201834864,0.7924528301886793
Metabolic + symptom,0.2697522381360247,0.25688073394495414,0.7924528301886793
Metabolic + symptom,0.2692605863418224,0.26605504587155965,0.7924528301886793
Metabolic + symptom,0.25264305153905675,0.27522935779816515,0.7924528301886793
Metabolic + symptom,0.24723489155096015,0.28440366972477066,0.7924528301886793
Metabolic + symptom,0.24398919445422662,0.28440366972477066,0.8113207547169812
Metabolic + symptom,0.23992998494510845,0.29357798165137616,0.8113207547169812
Metabolic + symptom,0.21631383356472728,0.30275229357798167,0.8113207547169812
Metabolic + symptom,0.21495963371605184,0.3119266055045872,0.8113207547169812
Metabolic + symptom,0.20723900656483632,0.3211009174311927,0.8113207547169812
Metabolic + symptom,0.1978658193664302,0.3302752293577982,0.8113207547169812
Metabolic + symptom,0.19501586267818852,0.3302752293577982,0.8301886792452831
Metabolic + symptom,0.1941669878332786,0.3394495412844037,0.8301886792452831
Metabolic + symptom,0.19278976290143843,0.3486238532110092,0.8301886792452831
Metabolic + symptom,0.19028982123689772,0.3577981651376147,0.8301886792452831
Metabolic + symptom,0.1776925870762071,0.3669724770642202,0.8301886792452831
Metabolic + symptom,0.17693692020393104,0.3761467889908257,0.8301886792452831
Metabolic + symptom,0.1728324482431076,0.3853211009174312,0.8301886792452831
Metabolic + symptom,0.17210376827764606,0.3944954128440367,0.8301886792452831
Metabolic + symptom,0.168583940850772,0.4036697247706422,0.8301886792452831
Metabolic + symptom,0.15877964047793883,0.41284403669724773,0.8301886792452831
Metabolic + symptom,0.15432431734892677,0.42201834862385323,0.8301886792452831
Metabolic + symptom,0.15244787075928548,0.43119266055045874,0.8301886792452831
Metabolic + symptom,0.14078310421098378,0.43119266055045874,0.8490566037735849
Metabolic + symptom,0.1385766374239605,0.44036697247706424,0.8490566037735849
Metabolic + symptom,0.13816820771312505,0.44954128440366975,0.8490566037735849
Metabolic + symptom,0.13441163298519523,0.44954128440366975,0.8679245283018868
Metabolic + symptom,0.13175116092932404,0.44954128440366975,0.8867924528301887
Metabolic + symptom,0.13114159779607523,0.45871559633027525,0.8867924528301887
Metabolic + symptom,0.12989624492200247,0.46788990825688076,0.8867924528301887
Metabolic + symptom,0.12851952232503783,0.46788990825688076,0.9056603773584906
Metabolic + symptom,0.1258024341990398,0.47706422018348627,0.9056603773584906
Metabolic + symptom,0.12024351103847554,0.48623853211009177,0.9056603773584906
Metabolic + symptom,0.11967705242315453,0.48623853211009177,0.9245283018867925
Metabolic + symptom,0.10921788124566294,0.48623853211009177,0.9433962264150944
Metabolic + symptom,0.10747650947215875,0.4954128440366973,0.9433962264150944
Metabolic + symptom,0.10674118342723321,0.5045871559633027,0.9433962264150944
Metabolic + symptom,0.10316901661753859,0.5045871559633027,0.9622641509433962
Metabolic + symptom,0.10079799193745713,0.5137614678899083,0.9622641509433962
Metabolic + symptom,0.10046686432115795,0.5229357798165137,0.9622641509433962
Metabolic + symptom,0.09737641471141088,0.5321100917431193,0.9622641509433962
Metabolic + symptom,0.09219248585757273,0.5412844036697247,0.9622641509433962
Metabolic + symptom,0.09158539266092769,0.5504587155963303,0.9622641509433962
Metabolic + symptom,0.08842828293409905,0.5596330275229358,0.9622641509433962
Metabolic + symptom,0.08536271280713432,0.5688073394495413,0.9622641509433962
Metabolic + symptom,0.08470463002659627,0.5779816513761468,0.9622641509433962
Metabolic + symptom,0.08328464627771297,0.5871559633027523,0.9622641509433962
Metabolic + symptom,0.08211995439606505,0.5963302752293578,0.9622641509433962
Metabolic + symptom,0.08108990614518558,0.6055045871559633,0.9622641509433962
Metabolic + symptom,0.07944641314678148,0.6146788990825688,0.9622641509433962
Metabolic + symptom,0.07828584413350106,0.6238532110091743,0.9622641509433962
Metabolic + symptom,0.07716370909575149,0.6330275229357798,0.9622641509433962
Metabolic + symptom,0.0753972368436208,0.6422018348623854,0.9622641509433962
Metabolic + symptom,0.0647588670446776,0.6513761467889908,0.9622641509433962
Metabolic + symptom,0.06288195219440551,0.6605504587155964,0.9622641509433962
Metabolic + symptom,0.062425748078314004,0.6697247706422018,0.9622641509433962
Metabolic + symptom,0.05967530270655893,0.6788990825688074,0.9622641509433962
Metabolic + symptom,0.05737505932955519,0.6880733944954128,0.9622641509433962
Metabolic + symptom,0.05028197508779721,0.6972477064220184,0.9622641509433962
Metabolic + symptom,0.048590617398863216,0.7064220183486238,0.9622641509433962
Metabolic + symptom,0.04833906797684263,0.7155963302752294,0.9622641509433962
Metabolic + symptom,0.04810188002086858,0.7247706422018348,0.9622641509433962
Metabolic + symptom,0.046704725266188477,0.7247706422018348,0.9811320754716981
Metabolic + symptom,0.04470308674050541,0.7339449541284404,0.9811320754716981
Metabolic + symptom,0.04464648981669391,0.7431192660550459,0.9811320754716981
Metabolic + symptom,0.04379134892594058,0.7522935779816514,0.9811320754716981
Metabolic + symptom,0.04280687050052659,0.7614678899082569,0.9811320754716981
Metabolic + symptom,0.04195803660961701,0.7706422018348624,0.9811320754716981
Metabolic + symptom,0.04181351209046672,0.7798165137614679,0.9811320754716981
Metabolic + symptom,0.03781734645961584,0.7889908256880734,0.9811320754716981
Metabolic + symptom,0.03742967633266292,0.7981651376146789,0.9811320754716981
Metabolic + symptom,0.036747698074755135,0.8073394495412844,0.9811320754716981
Metabolic + symptom,0.035983579233721974,0.8165137614678899,0.9811320754716981
Metabolic + symptom,0.03534018920069019,0.8165137614678899,1.0
Metabolic + symptom,0.03392268763681798,0.8256880733944955,1.0
Metabolic + symptom,0.03387110842346198,0.8348623853211009,1.0
Metabolic + symptom,0.03268801769897518,0.8440366972477065,1.0
Metabolic + symptom,0.031881636987576276,0.8532110091743119,1.0
Metabolic + symptom,0.031553741296450895,0.8623853211009175,1.0
Metabolic + symptom,0.03142934021304471,0.8715596330275229,1.0
Metabolic + symptom,0.03136603523101878,0.8807339449541285,1.0
Metabolic + symptom,0.030618871099356706,0.8899082568807339,1.0
Metabolic + symptom,0.03041474493159918,0.8990825688073395,1.0
Metabolic + symptom,0.029837219349483125,0.908256880733945,1.0
Metabolic + symptom,0.029766346567079265,0.9174311926605505,1.0
Metabolic + symptom,0.029278331408306442,0.926605504587156,1.0
Metabolic + symptom,0.028964722580444812,0.9357798165137615,1.0
Metabolic + symptom,0.028596728809080034,0.944954128440367,1.0
Metabolic + symptom,0.02711754494894268,0.9541284403669725,1.0
Metabolic + symptom,0.025521372047580565,0.963302752293578,1.0
Metabolic + symptom,0.024358544039298696,0.9724770642201835,1.0
Metabolic + symptom,0.023965325216808855,0.981651376146789,1.0
Metabolic + symptom,0.023926117772028497,0.9908256880733946,1.0
Metabolic + symptom,0.021072067810478448,1.0,1.0
Metabolic + symptom,-inf,1.0,1.0
